{"cameraMode":{"drawMode":0,"name":"Shaded","section":"Shading Mode"},"sceneLighting":true,"audioPlay":false,"sceneViewState":{"m_AlwaysRefresh":false,"showFog":true,"showSkybox":true,"showFlares":true,"showImageEffects":true,"showParticleSystems":true,"showVisualEffectGraphs":true,"m_FxEnabled":true},"in2DMode":false,"pivot":{"x":535.3599243164063,"y":176.07159423828126,"z":-74.6395263671875},"rotation":{"x":-0.16456390917301179,"y":-0.020932363346219064,"z":0.004684522747993469,"w":-0.9865241646766663},"size":462.75225830078127,"orthographic":false}