{"cameraMode":{"drawMode":0,"name":"Shaded","section":"Shading Mode"},"sceneLighting":false,"audioPlay":false,"sceneViewState":{"m_AlwaysRefresh":false,"showFog":true,"showSkybox":false,"showFlares":true,"showImageEffects":true,"showParticleSystems":true,"showVisualEffectGraphs":true,"m_FxEnabled":true},"in2DMode":false,"pivot":{"x":-14.459999084472657,"y":22.260000228881837,"z":-4.7099995613098148},"rotation":{"x":-0.09769105911254883,"y":-0.6695865392684937,"z":0.09092747420072556,"w":-0.7310760021209717},"size":22.321516036987306,"orthographic":false}